<?xml version="1.0" encoding="UTF-8"?>
<project-private xmlns="http://www.netbeans.org/ns/project-private/1">
    <editor-bookmarks xmlns="http://www.netbeans.org/ns/editor-bookmarks/2" lastBookmarkId="0"/>
    <open-files xmlns="http://www.netbeans.org/ns/projectui-open-files/2">
        <group>
            <file>file:/C:/Users/fbriceno/Documents/NetBeansProjects/JSFIntroCCI/src/java/com/cci/model/Correo.java</file>
            <file>file:/C:/Users/fbriceno/Documents/NetBeansProjects/JSFIntroCCI/src/java/com/cci/service/ServicioUsuario.java</file>
            <file>file:/C:/Users/fbriceno/Documents/NetBeansProjects/JSFIntroCCI/web/bienvenida.xhtml</file>
            <file>file:/C:/Users/fbriceno/Documents/NetBeansProjects/JSFIntroCCI/web/META-INF/context.xml</file>
            <file>file:/C:/Users/fbriceno/Documents/NetBeansProjects/JSFIntroCCI/src/java/com/cci/service/Servicio.java</file>
            <file>file:/C:/Users/fbriceno/Documents/NetBeansProjects/JSFIntroCCI/src/java/com/cci/controller/LoginController.java</file>
            <file>file:/C:/Users/fbriceno/Documents/NetBeansProjects/JSFIntroCCI/src/java/com/cci/model/Usuario.java</file>
            <file>file:/C:/Users/fbriceno/Documents/NetBeansProjects/JSFIntroCCI/src/java/com/cci/service/ServicioCorreo.java</file>
            <file>file:/C:/Users/fbriceno/Documents/NetBeansProjects/JSFIntroCCI/web/WEB-INF/faces-config.xml</file>
            <file>file:/C:/Users/fbriceno/Documents/NetBeansProjects/JSFIntroCCI/web/index.xhtml</file>
            <file>file:/C:/Users/fbriceno/Documents/NetBeansProjects/JSFIntroCCI/web/error.xhtml</file>
            <file>file:/C:/Users/fbriceno/Documents/NetBeansProjects/JSFIntroCCI/src/java/com/cci/service/LoginService.java</file>
            <file>file:/C:/Users/fbriceno/Documents/NetBeansProjects/JSFIntroCCI/src/java/com/cci/service/GlobalException.java</file>
        </group>
    </open-files>
</project-private>
